,run,index,sample_barcode,locus,primer_plate,primer_row,primer_col,extraction_well,forward_primer,reverse_primer,primer_name,sample_id,collection_label,project,site_order,site_code,site_name,transect_name,collection_date,sample_type,habitat,host,trophic,site_type,metadata,lat,long,processing,notes,ExtraClassifier
105635,Miseq04_16S,GACAATTCCGAA,2821,bacterial16S,8,F,12,F12,515f,806r,515rcbc743,WMEA_02821_An_M6,CoralType3A-M6,Keck,3.0,M6,SharksCove,Marine,20190621.0,Coral,Marine,Animal,PrimaryProducer,Core Waimea,Collected by Chris Wall,21.64884,-158.06566999999998,FreezeDry,,
105631,Miseq04_16S,GCCAGGCTTCCT,2750,bacterial16S,8,H,11,H11,515f,806r,515rcbc766,WMEA_02750_An_M5,CoralType3B-M5,Keck,3.0,M5,ThreeTablesBeach,Marine,20190621.0,Coral,Marine,Animal,PrimaryProducer,Core Waimea,Collected by Chris Wall,21.64499,-158.06658000000002,FreezeDry,,
105629,Miseq04_16S,GGAAGCTTAACT,2879,bacterial16S,8,F,11,F11,515f,806r,515rcbc742,WMEA_02879_An_M7,CoralType3A-M7,Keck,4.0,M7,WaimeaBay,Marine,20190620.0,Coral,Marine,Animal,PrimaryProducer,Core Waimea,,21.64272,-158.06626,FreezeDry,,
105617,Miseq04_16S,ATCGATCCACAG,2875,bacterial16S,8,B,10,B10,515f,806r,515rcbc693,WMEA_02875_An_M7,CoralType1C-M7,Keck,4.0,M7,WaimeaBay,Marine,20190620.0,Coral,Marine,Animal,PrimaryProducer,Core Waimea,,21.64272,-158.06626,FreezeDry,,
105615,Miseq04_16S,CCATCGACGCTC,2748,bacterial16S,8,H,9,H09,515f,806r,515rcbc764,WMEA_02748_An_M5,CoralType2C-M5,Keck,3.0,M5,ThreeTablesBeach,Marine,20190621.0,Coral,Marine,Animal,PrimaryProducer,Core Waimea,Collected by Chris Wall,21.64499,-158.06658000000002,FreezeDry,,
105614,Miseq04_16S,ACAATCCCGAGT,2683,bacterial16S,8,G,9,G09,515f,806r,515rcbc752,WMEA_02683_An_M4,CoralType2C-M4,Keck,2.0,M4,TwinRocks,Marine,20190620.0,Coral,Marine,Animal,PrimaryProducer,Core Waimea,Collected by Chris Wall,21.636770000000002,-158.07189,FreezeDry,,
105608,Miseq04_16S,AGGAATACTCAC,2744,bacterial16S,8,H,8,H08,515f,806r,515rcbc763,WMEA_02744_An_M5,CoralType1B-M5,Keck,3.0,M5,ThreeTablesBeach,Marine,20190621.0,Coral,Marine,Animal,PrimaryProducer,Core Waimea,Collected by Chris Wall,21.64499,-158.06658000000002,FreezeDry,,
105605,Miseq04_16S,AAGTGCTTGGTA,2684,bacterial16S,8,E,8,E08,515f,806r,515rcbc727,WMEA_02684_An_M4,CoralType3A-M4,Keck,2.0,M4,TwinRocks,Marine,20190620.0,Coral,Marine,Animal,PrimaryProducer,Core Waimea,Collected by Chris Wall,21.636770000000002,-158.07189,FreezeDry,,
105599,Miseq04_16S,TCATGTGAACGA,2685,bacterial16S,8,G,7,G07,515f,806r,515rcbc750,WMEA_02685_An_M4,CoralType3B-M4,Keck,2.0,M4,TwinRocks,Marine,20190620.0,Coral,Marine,Animal,PrimaryProducer,Core Waimea,Collected by Chris Wall,21.636770000000002,-158.07189,FreezeDry,,
105598,Miseq04_16S,ATAAAGAGGAGG,2609,bacterial16S,8,F,7,F07,515f,806r,515rcbc738,WMEA_02609_An_M3,CoralType2A-M3,Keck,1.0,M3,UppersBeach,Marine,20190620.0,Coral,Marine,Animal,PrimaryProducer,Core Waimea,Collected by C Wall,21.638920000000002,-158.07127,FreezeDry,,
105597,Miseq04_16S,CAATATTCAATA,2745,bacterial16S,8,E,7,E07,515f,806r,515rcbc726,WMEA_02745_An_M5,CoralType1C-M5,Keck,3.0,M5,ThreeTablesBeach,Marine,20190621.0,Coral,Marine,Animal,PrimaryProducer,Core Waimea,Collected by Chris Wall,21.64499,-158.06658000000002,FreezeDry,,
105592,Miseq04_16S,GAAGGAAAGTAG,2611,bacterial16S,8,H,6,H06,515f,806r,515rcbc761,WMEA_02611_An_M3,CoralType2C-M3,Keck,1.0,M3,UppersBeach,Marine,20190620.0,Coral,Marine,Animal,PrimaryProducer,Core Waimea,Collected by C Wall,21.638920000000002,-158.07127,FreezeDry,,
105590,Miseq04_16S,TATAATCCGAGG,2678,bacterial16S,8,F,6,F06,515f,806r,515rcbc737,WMEA_02678_An_M4,CoralType1A-M4,Keck,2.0,M4,TwinRocks,Marine,20190620.0,Coral,Marine,Animal,PrimaryProducer,Core Waimea,Collected by Chris Wall,21.636770000000002,-158.07189,FreezeDry,,
105587,Miseq04_16S,CGTAAGATGCCT,2815,bacterial16S,8,C,6,C06,515f,806r,515rcbc701,WMEA_02815_An_M6,CoralType1A-M6,Keck,3.0,M6,SharksCove,Marine,20190621.0,Coral,Marine,Animal,PrimaryProducer,Core Waimea,Collected by Chris Wall,21.64884,-158.06566999999998,FreezeDry,,
105583,Miseq04_16S,CATCCTGAGCAA,2608,bacterial16S,8,G,5,G05,515f,806r,515rcbc748,WMEA_02608_An_M3,CoralType1C-M3,Keck,1.0,M3,UppersBeach,Marine,20190620.0,Coral,Marine,Animal,PrimaryProducer,Core Waimea,Collected by C Wall,21.638920000000002,-158.07127,FreezeDry,,
105580,Miseq04_16S,AGAGCTCCTCTG,2746,bacterial16S,8,D,5,D05,515f,806r,515rcbc712,WMEA_02746_An_M5,CoralType2A-M5,Keck,3.0,M5,ThreeTablesBeach,Marine,20190621.0,Coral,Marine,Animal,PrimaryProducer,Core Waimea,Collected by Chris Wall,21.64499,-158.06658000000002,FreezeDry,,
105578,Miseq04_16S,CCAGGGACTTCT,2679,bacterial16S,8,B,5,B05,515f,806r,515rcbc688,WMEA_02679_An_M4,CoralType1B-M4,Keck,2.0,M4,TwinRocks,Marine,20190620.0,Coral,Marine,Animal,PrimaryProducer,Core Waimea,Collected by Chris Wall,21.636770000000002,-158.07189,FreezeDry,,
105575,Miseq04_16S,CTCAGGAGACTT,2607,bacterial16S,8,G,4,G04,515f,806r,515rcbc747,WMEA_02607_An_M3,CoralType1B-M3,Keck,1.0,M3,UppersBeach,Marine,20190620.0,Coral,Marine,Animal,PrimaryProducer,Core Waimea,Collected by C Wall,21.638920000000002,-158.07127,FreezeDry,,
105573,Miseq04_16S,CTAATATTTGAA,2747,bacterial16S,8,E,4,E04,515f,806r,515rcbc723,WMEA_02747_An_M5,CoralType2B-M5,Keck,3.0,M5,ThreeTablesBeach,Marine,20190621.0,Coral,Marine,Animal,PrimaryProducer,Core Waimea,Collected by Chris Wall,21.64499,-158.06658000000002,FreezeDry,,
105570,Miseq04_16S,CGAGTATACAAC,2823,bacterial16S,8,B,4,B04,515f,806r,515rcbc687,WMEA_02823_An_M6,CoralType3C-M6,Keck,3.0,M6,SharksCove,Marine,20190621.0,Coral,Marine,Animal,PrimaryProducer,Core Waimea,Collected by Chris Wall,21.64884,-158.06566999999998,FreezeDry,,
105568,Miseq04_16S,GTCTATACATAT,2822,bacterial16S,8,G,3,G03,515f,806r,515rcbc746,WMEA_02822_An_M6,CoralType3B-M6,Keck,3.0,M6,SharksCove,Marine,20190621.0,Coral,Marine,Animal,PrimaryProducer,Core Waimea,Collected by Chris Wall,21.64884,-158.06566999999998,FreezeDry,,
105566,Miseq04_16S,TATAGAAGAATG,2614,bacterial16S,8,E,3,E03,515f,806r,515rcbc722,WMEA_02614_An_M3,CoralType3C-M3,Keck,1.0,M3,UppersBeach,Marine,20190620.0,Coral,Marine,Animal,PrimaryProducer,Core Waimea,Collected by C Wall,21.638920000000002,-158.07127,FreezeDry,,
105565,Miseq04_16S,AAGGTGGACAAG,2606,bacterial16S,8,D,3,D03,515f,806r,515rcbc710,WMEA_02606_An_M3,CoralType1A-M3,Keck,1.0,M3,UppersBeach,Marine,20190620.0,Coral,Marine,Animal,PrimaryProducer,Core Waimea,Collected by C Wall,21.638920000000002,-158.07127,FreezeDry,,
105561,Miseq04_16S,ATTGGGACATAA,2874,bacterial16S,8,H,2,H02,515f,806r,515rcbc757,WMEA_02874_An_M7,CoralType1B-M7,Keck,4.0,M7,WaimeaBay,Marine,20190620.0,Coral,Marine,Animal,PrimaryProducer,Core Waimea,,21.64272,-158.06626,FreezeDry,,
105555,Miseq04_16S,GCAAGCTGTCTC,2686,bacterial16S,8,B,2,B02,515f,806r,515rcbc685,WMEA_02686_An_M4,CoralType3C-M4,Keck,2.0,M4,TwinRocks,Marine,20190620.0,Coral,Marine,Animal,PrimaryProducer,Core Waimea,Collected by Chris Wall,21.636770000000002,-158.07189,FreezeDry,,
105554,Miseq04_16S,GACCATGTAGTA,2610,bacterial16S,8,A,2,A02,515f,806r,515rcbc673,WMEA_02610_An_M3,CoralType2B-M3,Keck,1.0,M3,UppersBeach,Marine,20190620.0,Coral,Marine,Animal,PrimaryProducer,Core Waimea,Collected by C Wall,21.638920000000002,-158.07127,FreezeDry,,
105550,Miseq04_16S,TCAATGACCGCA,2680,bacterial16S,8,C,1,C01,515f,806r,515rcbc696,WMEA_02680_An_M4,CoralType1C-M4,Keck,2.0,M4,TwinRocks,Marine,20190620.0,Coral,Marine,Animal,PrimaryProducer,Core Waimea,Collected by Chris Wall,21.636770000000002,-158.07189,FreezeDry,,
105548,Miseq04_16S,GCTTATTGCTTA,2612,bacterial16S,8,A,1,A01,515f,806r,515rcbc672,WMEA_02612_An_M3,CoralType3A-M3,Keck,1.0,M3,UppersBeach,Marine,20190620.0,Coral,Marine,Animal,PrimaryProducer,Core Waimea,Collected by C Wall,21.638920000000002,-158.07127,FreezeDry,,
105547,Miseq04_16S,TAGGTAACCGAT,2880,bacterial16S,7,A,12,E09,515f,806r,515rcbc587,WMEA_02880_An_M7,CoralType3B-M7,Keck,4.0,M7,WaimeaBay,Marine,20190620.0,Coral,Marine,Animal,PrimaryProducer,Core Waimea,,21.64272,-158.06626,FreezeDry,,
105536,Miseq04_16S,CGATATCAGTAG,2881,bacterial16S,7,B,9,B09,515f,806r,515rcbc596,WMEA_02881_An_M7,CoralType3C-M7,Keck,4.0,M7,WaimeaBay,Marine,20190620.0,Coral,Marine,Animal,PrimaryProducer,Core Waimea,,21.64272,-158.06626,FreezeDry,,
105535,Miseq04_16S,GGACTTCCAGCT,2873,bacterial16S,7,A,9,A09,515f,806r,515rcbc584,WMEA_02873_An_M7,CoralType1A-M7,Keck,4.0,M7,WaimeaBay,Marine,20190620.0,Coral,Marine,Animal,PrimaryProducer,Core Waimea,,21.64272,-158.06626,FreezeDry,,
105533,Miseq04_16S,TCTTAAGATTTG,2816,bacterial16S,7,G,8,G08,515f,806r,515rcbc655,WMEA_02816_An_M6,CoralType1B-M6,Keck,3.0,M6,SharksCove,Marine,20190621.0,Coral,Marine,Animal,PrimaryProducer,Core Waimea,Collected by Chris Wall,21.64884,-158.06566999999998,FreezeDry,,
105532,Miseq04_16S,GCCGCGGGATCA,2817,bacterial16S,7,F,8,F08,515f,806r,515rcbc643,WMEA_02817_An_M6,CoralType1C-M6,Keck,3.0,M6,SharksCove,Marine,20190621.0,Coral,Marine,Animal,PrimaryProducer,Core Waimea,Collected by Chris Wall,21.64884,-158.06566999999998,FreezeDry,,
105469,Miseq04_16S,TGGACTCAGCTA,2751,bacterial16S,6,E,2,C12,515f,806r,515rcbc529,WMEA_02751_An_M5,CoralType3C-M5,Keck,3.0,M5,ThreeTablesBeach,Marine,20190621.0,Coral,Marine,Animal,PrimaryProducer,Core Waimea,Collected by Chris Wall,21.64499,-158.06658000000002,FreezeDry,,
105467,Miseq04_16S,GTAAATTCAGGC,2613,bacterial16S,6,C,2,H03,515f,806r,515rcbc505,WMEA_02613_An_M3,CoralType3B-M3,Keck,1.0,M3,UppersBeach,Marine,20190620.0,Coral,Marine,Animal,PrimaryProducer,Core Waimea,Collected by C Wall,21.638920000000002,-158.07127,FreezeDry,,
105465,Miseq04_16S,CTACCGATTGCG,2749,bacterial16S,6,A,2,G01,515f,806r,515rcbc481,WMEA_02749_An_M5,CoralType3A-M5,Keck,3.0,M5,ThreeTablesBeach,Marine,20190621.0,Coral,Marine,Animal,PrimaryProducer,Core Waimea,Collected by Chris Wall,21.64499,-158.06658000000002,FreezeDry,,
